<?xml version="1.0" encoding="UTF-8"?>
<metadata>
	<idinfo>
		<citation>
			<citeinfo>
				<origin>Regional Transportation District</origin>
				<pubdate>May 2012</pubdate>
				<title Sync="TRUE">LightRailStations</title>
				<geoform Sync="TRUE">vector digital data</geoform>
				<othercit>
For Route &amp; Schedule information
go to:  www.rtd-denver.com
</othercit>
				<onlink Sync="TRUE">\\GYRUS\C$\Documents and Settings\gisadmin\Local Settings\Temp\tmpfqsnxj\LightRailStations\LightRailStations.shp</onlink>
				<ftname Sync="TRUE">LightRailStations</ftname></citeinfo>
		</citation>
		<descript>
			<abstract>The physical location where passengers can board and depart light rail trains.</abstract>
			<purpose>To display existing light rail station locations.</purpose>
			<supplinf>www.rtd-denver.com</supplinf>
			<langdata Sync="TRUE">en</langdata></descript>
		<timeperd>
			<timeinfo>
				<sngdate>
					<caldate>May 2012</caldate>
				</sngdate>
			</timeinfo>
			<current>publication date</current>
		</timeperd>
		<status>
			<progress>In work</progress>
			<update>Quarterly</update>
		</status>
		<spdom>
			<bounding>
				<westbc Sync="TRUE">-105.025248</westbc>
				<eastbc Sync="TRUE">-104.844155</eastbc>
				<northbc Sync="TRUE">39.758864</northbc>
				<southbc Sync="TRUE">39.545658</southbc>
			</bounding>
			<lboundng><leftbc Sync="TRUE">3133878.420000</leftbc><rightbc Sync="TRUE">3184389.240000</rightbc><bottombc Sync="TRUE">1624297.980000</bottombc><topbc Sync="TRUE">1701647.490000</topbc></lboundng></spdom>
		<keywords>
			<theme>
				<themekt>Light Rail Station</themekt>
				<themekey>Light Rail Station</themekey>
			</theme>
		</keywords>
		<accconst>General use only.  Data is made available to the public.</accconst>
		<useconst>Locations are for planning purposes only and is not intended to be used for any design or construction tasks.</useconst>
		<ptcontac>
			<cntinfo>
				<cntperp>
					<cntper>Dan Jackson</cntper>
					<cntorg>Regional Transportation District (RTD)</cntorg>
				</cntperp>
				<cntpos>GIS Administrator</cntpos>
				<cntaddr>
					<addrtype>mailing and physical address</addrtype>
					<address>1560 Broadway Suite 510</address>
					<address>FAS-51</address>
					<city>Denver</city>
					<state>CO</state>
					<postal>80202</postal>
					<country>US</country>
				</cntaddr>
				<cntvoice>303-299-6132</cntvoice>
				<cntfax>303-299-6191</cntfax>
				<cntemail>dan.jackson@rtd-denver.com</cntemail>
				<hours>8-5</hours>
			</cntinfo>
		</ptcontac>
		<native Sync="TRUE">Microsoft Windows 2000 Version 5.2 (Build 3790) Service Pack 2; ESRI ArcCatalog 9.3.1.4000</native>
		<natvform Sync="TRUE">Shapefile</natvform></idinfo>
	<dataqual>
		<lineage>
			<procstep>
				<procdesc>Metadata imported.</procdesc>
				<srcused>C:\Temp\xml68C.tmp</srcused>
			</procstep>
			<procstep><procdesc Sync="TRUE">Metadata imported.</procdesc><srcused Sync="TRUE">C:\WINDOWS\Temp\xml2A96.tmp</srcused><procdate Sync="TRUE">20120517</procdate><proctime Sync="TRUE">07584900</proctime></procstep></lineage>
	</dataqual>
	<spdoinfo>
		<direct Sync="TRUE">Vector</direct>
		<ptvctinf>
			<sdtsterm Name="LightRailStations">
				<sdtstype Sync="TRUE">Entity point</sdtstype>
				<ptvctcnt Sync="TRUE">0</ptvctcnt>
			</sdtsterm>
			<esriterm Name="LightRailStations"><efeatyp Sync="TRUE">Simple</efeatyp><efeageom Sync="TRUE">Point</efeageom><esritopo Sync="TRUE">FALSE</esritopo><efeacnt Sync="TRUE">0</efeacnt><spindex Sync="TRUE">FALSE</spindex><linrefer Sync="TRUE">FALSE</linrefer></esriterm></ptvctinf>
	</spdoinfo>
	<spref>
		<horizsys>
			<planar>
				<planci>
					<plance Sync="TRUE">coordinate pair</plance>
					<coordrep>
						<absres Sync="TRUE">0.000000</absres>
						<ordres Sync="TRUE">0.000000</ordres>
					</coordrep>
					<plandu Sync="TRUE">survey feet</plandu>
				</planci>
				<mapproj><mapprojn Sync="TRUE">Lambert Conformal Conic</mapprojn><lambertc><stdparll Sync="TRUE">38.450000</stdparll><stdparll Sync="TRUE">39.750000</stdparll><longcm Sync="TRUE">-105.500000</longcm><latprjo Sync="TRUE">37.833333</latprjo><feast Sync="TRUE">3000000.000316</feast><fnorth Sync="TRUE">999999.999996</fnorth></lambertc></mapproj></planar>
			<geodetic>
				<horizdn Sync="TRUE">North American Datum of 1983</horizdn>
				<ellips Sync="TRUE">Geodetic Reference System 80</ellips>
				<semiaxis Sync="TRUE">6378137.000000</semiaxis>
				<denflat Sync="TRUE">298.257222</denflat>
			</geodetic>
			<cordsysn><geogcsn Sync="TRUE">GCS_North_American_1983</geogcsn><projcsn Sync="TRUE">NAD_1983_StatePlane_Colorado_Central_FIPS_0502_Feet</projcsn></cordsysn></horizsys>
		<vertdef>
			<altsys>
				<altres Sync="TRUE">1.000000</altres>
				<altenc Sync="TRUE">Explicit elevation coordinate included with horizontal coordinates</altenc>
			</altsys>
		</vertdef>
	</spref>
	<eainfo>
		<detailed Name="LightRailStations">
			<enttyp>
				<enttypl Sync="TRUE">LightRailStations</enttypl>
				<enttypt Sync="TRUE">Feature Class</enttypt><enttypc Sync="TRUE">0</enttypc></enttyp>
			<attr><attrlabl Sync="TRUE">FID</attrlabl><attalias Sync="TRUE">FID</attalias><attrtype Sync="TRUE">OID</attrtype><attwidth Sync="TRUE">4</attwidth><atprecis Sync="TRUE">0</atprecis><attscale Sync="TRUE">0</attscale><attrdef Sync="TRUE">Internal feature number.</attrdef><attrdefs Sync="TRUE">ESRI</attrdefs><attrdomv><udom Sync="TRUE">Sequential unique whole numbers that are automatically generated.</udom></attrdomv></attr><attr>
				<attrlabl>PID</attrlabl>
				<attalias Sync="TRUE">PID</attalias><attrtype Sync="TRUE">Number</attrtype><attwidth Sync="TRUE">4</attwidth></attr>
			<attr>
				<attrlabl>NAME</attrlabl>
				<attalias Sync="TRUE">NAME</attalias><attrtype Sync="TRUE">String</attrtype><attwidth Sync="TRUE">40</attwidth></attr>
			<attr>
				<attrlabl>SHAPE</attrlabl>
				<attrdef>Feature geometry.</attrdef>
				<attrdefs>ESRI</attrdefs>
				<attrdomv>
					<udom>Coordinates defining the features.</udom>
				</attrdomv>
				<attalias Sync="TRUE">Shape</attalias><attrtype Sync="TRUE">Geometry</attrtype><attwidth Sync="TRUE">0</attwidth><atprecis Sync="TRUE">0</atprecis><attscale Sync="TRUE">0</attscale></attr>
			<attr>
				<attrlabl>ADDRESS</attrlabl>
				<attalias Sync="TRUE">ADDRESS</attalias><attrtype Sync="TRUE">String</attrtype><attwidth Sync="TRUE">30</attwidth></attr>
			<attr>
				<attrlabl>AUTOS</attrlabl>
				<attalias Sync="TRUE">AUTOS</attalias><attrtype Sync="TRUE">Number</attrtype><attwidth Sync="TRUE">4</attwidth></attr>
			<attr>
				<attrlabl>RACKS</attrlabl>
				<attalias Sync="TRUE">RACKS</attalias><attrtype Sync="TRUE">Number</attrtype><attwidth Sync="TRUE">4</attwidth></attr>
			<attr>
				<attrlabl>LOCKERS</attrlabl>
				<attalias Sync="TRUE">LOCKERS</attalias><attrtype Sync="TRUE">Number</attrtype><attwidth Sync="TRUE">4</attwidth></attr>
			<attr>
				<attrlabl>DISTRICT</attrlabl>
				<attalias Sync="TRUE">DISTRICT</attalias><attrtype Sync="TRUE">String</attrtype><attwidth Sync="TRUE">2</attwidth></attr>
			<attr>
				<attrlabl>SHELTERS</attrlabl>
				<attalias Sync="TRUE">SHELTERS</attalias><attrtype Sync="TRUE">Number</attrtype><attwidth Sync="TRUE">4</attwidth></attr>
		</detailed>
	</eainfo>
	<distinfo>
		<resdesc>Downloadable Data</resdesc>
		<stdorder><digform><digtinfo><transize Sync="TRUE">0.000</transize><dssize Sync="TRUE">0.000</dssize></digtinfo></digform></stdorder></distinfo>
	<metainfo>
		<metd Sync="TRUE">20150601</metd>
		<metc>
			<cntinfo>
				<cntperp>
					<cntper>Dan Jackson</cntper>
					<cntorg>RTD</cntorg>
				</cntperp>
				<cntpos>GIS Administrator</cntpos>
				<cntaddr>
					<addrtype>mailing and physical address</addrtype>
					<address>1560 Broadway Suite 510</address>
					<address>FAS-51</address>
					<city>Denver</city>
					<state>CO</state>
					<postal>80202</postal>
					<country>US</country>
				</cntaddr>
				<cntvoice>303-299-6132</cntvoice>
				<cntemail>dan.jackson@rtd-denver.com</cntemail>
				<cntorgp><cntper>REQUIRED: The person responsible for the metadata information.</cntper><cntorg>REQUIRED: The organization responsible for the metadata information.</cntorg></cntorgp></cntinfo>
		</metc>
		<metstdn Sync="TRUE">FGDC Content Standards for Digital Geospatial Metadata</metstdn>
		<metstdv Sync="TRUE">FGDC-STD-001-1998</metstdv>
		<mettc Sync="TRUE">local time</mettc>
		<metextns>
			<onlink>http://www.esri.com/metadata/esriprof80.html</onlink>
			<metprof>ESRI Metadata Profile</metprof>
		</metextns>
		<metextns>
			<onlink>http://www.esri.com/metadata/esriprof80.html</onlink>
			<metprof>ESRI Metadata Profile</metprof>
		</metextns>
		<langmeta Sync="TRUE">en</langmeta><metextns><onlink Sync="TRUE">http://www.esri.com/metadata/esriprof80.html</onlink><metprof Sync="TRUE">ESRI Metadata Profile</metprof></metextns></metainfo>
	<Esri><MetaID>{ECF90BBC-40DB-4094-8942-FAB80EEB8EEB}</MetaID><CreaDate>20120517</CreaDate><CreaTime>07584900</CreaTime><SyncOnce>FALSE</SyncOnce><SyncDate>20150601</SyncDate><SyncTime>03000700</SyncTime><ModDate>20150601</ModDate><ModTime>03000700</ModTime><DataProperties><lineage><Process ToolSource="C:\Program Files\ArcGIS\ArcToolbox\Toolboxes\Data Management Tools.tbx\DeleteFeatures" Date="20130426" Time="084353">DeleteFeatures "Database Connections\GraniteGISProd_RTD.sde\RTD.Transportation\RTD.LightrailStations" "Database Connections\GraniteGISProd_RTD.sde\RTD.Transportation\RTD.LightrailStations"</Process><Process ToolSource="C:\Program Files (x86)\ArcGIS\ArcToolbox\Toolboxes\Data Management Tools.tbx\CopyFeatures" Date="20150529" Time="201046">CopyFeatures "Database Connections\DC_GraniteGISProd_RTD.sde\RTD.Transportation\RTD.LightrailStations" X:\GDB\ArcSDEBackup\Data\ftp\prod\RTD_GISProd_CurrentExport.gdb\Transportation\LightrailStations # 0 0 0</Process><Process ToolSource="E:\arcgis\ArcToolbox\Toolboxes\Conversion Tools.tbx\FeatureClassToFeatureClass" Date="20150601" Time="030007">FeatureClassToFeatureClass LightRailStations_layer "c:\Documents and Settings\gisadmin\Local Settings\Temp\tmpfqsnxj\LightRailStations" LightRailStations.shp # "PID 'PID' true true false 2 Short 0 0 ,First,#,LightRailStations_layer,PID,-1,-1;NAME 'NAME' true true false 40 Text 0 0 ,First,#,LightRailStations_layer,NAME,-1,-1;ADDRESS 'ADDRESS' true true false 30 Text 0 0 ,First,#,LightRailStations_layer,ADDRESS,-1,-1;AUTOS 'AUTOS' true true false 2 Short 0 0 ,First,#,LightRailStations_layer,AUTOS,-1,-1;RACKS 'RACKS' true true false 2 Short 0 0 ,First,#,LightRailStations_layer,RACKS,-1,-1;LOCKERS 'LOCKERS' true true false 2 Short 0 0 ,First,#,LightRailStations_layer,LOCKERS,-1,-1;DISTRICT 'DISTRICT' true true false 2 Text 0 0 ,First,#,LightRailStations_layer,DISTRICT,-1,-1;SHELTERS 'SHELTERS' true true false 2 Short 0 0 ,First,#,LightRailStations_layer,SHELTERS,-1,-1" # "c:\Documents and Settings\gisadmin\Local Settings\Temp\tmpfqsnxj\LightRailStations\LightRailStations.shp"</Process></lineage></DataProperties></Esri><dataIdInfo><envirDesc Sync="TRUE">Microsoft Windows 2000 Version 5.2 (Build 3790) Service Pack 2; ESRI ArcCatalog 9.3.1.4000</envirDesc><dataLang><languageCode Sync="TRUE" value="en"></languageCode></dataLang><idCitation><resTitle Sync="TRUE">LightRailStations</resTitle><presForm><PresFormCd Sync="TRUE" value="005"></PresFormCd></presForm></idCitation><spatRpType><SpatRepTypCd Sync="TRUE" value="001"></SpatRepTypCd></spatRpType><dataExt><geoEle><GeoBndBox esriExtentType="native"><westBL Sync="TRUE">3133878.42</westBL><eastBL Sync="TRUE">3184389.24</eastBL><northBL Sync="TRUE">1701647.49</northBL><southBL Sync="TRUE">1624297.98</southBL><exTypeCode Sync="TRUE">1</exTypeCode></GeoBndBox></geoEle></dataExt><geoBox esriExtentType="decdegrees"><westBL Sync="TRUE">-105.025248</westBL><eastBL Sync="TRUE">-104.844155</eastBL><northBL Sync="TRUE">39.758864</northBL><southBL Sync="TRUE">39.545658</southBL><exTypeCode Sync="TRUE">1</exTypeCode></geoBox></dataIdInfo><mdLang><languageCode Sync="TRUE" value="en"></languageCode></mdLang><mdStanName Sync="TRUE">ISO 19115 Geographic Information - Metadata</mdStanName><mdStanVer Sync="TRUE">DIS_ESRI1.0</mdStanVer><mdChar><CharSetCd Sync="TRUE" value="004"></CharSetCd></mdChar><mdHrLv><ScopeCd Sync="TRUE" value="005"></ScopeCd></mdHrLv><mdHrLvName Sync="TRUE">dataset</mdHrLvName><distInfo><distributor><distorTran><onLineSrc><orDesc Sync="TRUE">002</orDesc><linkage Sync="TRUE">file://\\GYRUS\C$\Documents and Settings\gisadmin\Local Settings\Temp\tmpfqsnxj\LightRailStations\LightRailStations.shp</linkage><protocol Sync="TRUE">Local Area Network</protocol></onLineSrc><transSize Sync="TRUE">0.000</transSize></distorTran><distorFormat><formatName Sync="TRUE">Shapefile</formatName></distorFormat></distributor></distInfo><refSysInfo><RefSystem><refSysID><identCode Sync="TRUE">NAD_1983_StatePlane_Colorado_Central_FIPS_0502_Feet</identCode></refSysID></RefSystem></refSysInfo><spatRepInfo><VectSpatRep><topLvl><TopoLevCd Sync="TRUE" value="001"></TopoLevCd></topLvl><geometObjs Name="LightRailStations"><geoObjTyp><GeoObjTypCd Sync="TRUE" value="004"></GeoObjTypCd></geoObjTyp><geoObjCnt Sync="TRUE">0</geoObjCnt></geometObjs></VectSpatRep></spatRepInfo><mdDateSt Sync="TRUE">20150601</mdDateSt></metadata>
